Gender,Career Points
M,15145
M,126
M,2895
M,1787
M,16
M,17
M,662
M,1593
M,1558
M,1742
M,3097
M,54
M,254
M,220
M,291
M,2573
M,560
M,1064
M,4882
M,347
M,6324
M,2412
M,15882
M,916
M,35
M,3840
M,64
M,127
M,1402
M,2101
M,287
M,9406
M,9
M,1904
M,1699
M,6761
M,159
M,8759
M,1451
M,3520
M,1911
M,226
M,568
M,4851
M,155
M,1240
M,531
M,10023
M,430
M,965
M,456
M,1137
M,124
M,4219
M,111
M,930
M,1994
M,1028
M,1516
M,8769
M,373
M,7209
M,14
M,734
M,4800
M,337
M,703
M,1803
M,1011
M,4661
M,8368
M,1283
M,6
M,1118
M,1090
M,1436
M,1666
M,460
M,595
M,3100
M,5
M,3376
M,68
M,86
M,2435
M,522
M,11
M,4936
M,3537
M,54
M,2545
M,16245
M,47
M,359
M,3246
M,998
M,4917
M,5321
M,12287
M,2444
M,13
M,2800
M,147
M,40
M,2875
M,1859
M,23
M,1376
M,204
M,1976
M,4784
M,236
M,3770
M,3123
M,154
M,8113
M,184
M,2069
M,11
M,11
M,5
M,16
M,1042
M,296
M,309
M,1496
M,33
M,1297
M,22
M,1427
M,787
M,8
M,4639
M,232
M,12
M,560
M,6
M,68
M,12
M,4751
M,2338
M,2185
M,181
M,135
M,1
M,3483
M,21
M,12
M,58
M,436
M,382
M,36
M,14
M,9
M,337
M,98
M,1255
M,178
M,716
M,1210
M,43
M,5
M,641
M,2351
M,827
M,56
M,1789
M,16
M,4
M,7316
M,607
M,5772
M,75
M,0
M,483
M,2794
M,2434
M,13
M,11947
M,89
M,370
M,149
M,312
M,0
M,1
M,494
M,3
M,23
M,13
M,570
M,2735
M,35
M,262
M,874
M,100
M,86
M,2
M,10272
M,3
M,10
M,69
M,20
M,118
M,8622
M,1839
M,11
M,1378
M,16
M,4
M,1474
M,1
M,12480
M,7
M,8
M,1104
M,12
M,117
M,2
M,555
M,20
M,2938
M,20880
M,8378
M,575
M,10327
M,2461
M,407
M,482
M,2
M,147
M,137
M,14
M,5746
M,2
M,1496
M,5765
M,30
M,2525
M,2511
M,6446
M,8767
M,202
M,863
M,331
M,68
M,3156
M,983
M,255
M,3276
M,2329
M,1785
M,2582
M,11
M,497
M,7808
M,5470
M,743
M,3315
M,15840
M,70
M,0
M,28
M,7
M,8
M,5550
M,459
M,4132
M,15725
M,13447
M,12194
M,1600
M,2237
M,6209
M,4
M,4204
M,2450
M,12929
M,12651
M,3668
M,9
M,14522
M,10
M,1724
M,10
M,337
M,910
M,4
M,1
M,132
M,70
M,15
M,148
M,175
M,13409
M,67
M,15411
M,4128
M,74
M,7
M,20
M,0
M,342
M,5094
M,1503
M,3091
M,20
M,1826
M,23149
M,25
M,5430
M,40
M,3770
M,1411
M,7941
M,607
M,10380
M,3245
M,8211
M,21586
M,368
M,1297
M,2847
M,5011
M,2
M,3035
M,2206
M,262
M,3292
M,10818
M,1403
M,1502
M,265
M,261
M,133
M,15358
M,183
M,33953
M,5780
M,13958
M,413
M,6672
M,17770
M,226
M,11507
M,451
M,200
M,285
M,398
M,37
M,13
M,36
M,6328
M,14172
M,2505
M,1195
M,786
M,5887
M,74
M,388
M,2016
M,12
M,940
M,2229
M,713
M,2684
M,12532
M,1118
M,26710
M,8766
M,25192
M,17772
M,50
M,25205
M,117
M,4
M,375
M,411
M,33
M,2259
M,3109
M,170
M,12
M,7249
M,2
M,320
M,77
M,8
M,604
M,196
M,227
M,9904
M,5953
M,1005
M,5
M,2319
M,87
M,11356
M,3291
M,1018
M,8940
M,23
M,141
M,438
M,119
M,72
M,90
M,4247
M,9107
M,12924
M,8139
M,573
M,15294
M,9012
M,16
M,632
M,11147
M,6
M,106
M,2
M,1198
M,26395
M,3978
M,435
M,13118
M,2784
M,119
M,144
M,10898
M,232
M,1827
M,960
M,4
M,77
M,175
M,34
M,1191
M,3391
M,18831
M,2063
M,2
M,171
M,1273
M,424
M,25
M,13
M,122
M,1839
M,29
M,1569
M,397
M,350
M,9944
M,4516
M,9948
M,15063
M,8729
M,2
M,0
M,6078
M,2
M,721
M,5792
M,14783
M,542
M,27
M,5785
M,478
M,144
M,3722
M,8128
M,7242
M,101
M,14
M,14124
M,9348
M,42
M,5470
M,854
M,6195
M,8519
M,247
M,372
M,6749
M,13017
M,274
M,12183
M,11782
M,262
M,8890
M,3141
M,18395
M,5
M,324
M,5312
M,13626
M,7251
M,60
M,1
M,19181
M,5869
M,9169
M,3
M,951
M,10571
M,45
M,5684
M,1977
M,15079
M,17490
M,1697
M,9654
M,40
M,6495
M,304
M,23
M,9305
M,18327
M,8620
M,702
M,1931
M,13757
M,2858
M,21
M,4623
M,2790
M,5391
M,16
M,17940
M,798
M,3470
M,1193
M,6204
M,373
M,14615
M,14251
M,640
M,45
M,4967
M,1914
M,10283
M,12377
M,208
M,12836
M,143
M,5282
M,77
M,333
M,9217
M,28
M,4
M,0
M,3
M,4391
M,974
M,174
M,43
M,8905
M,15581
M,327
M,105
M,197
M,8743
M,0
M,5428
M,214
M,1003
M,506
M,213
M,1481
M,274
M,147
M,1698
M,3705
M,29
M,18203
M,120
M,21
M,4195
M,8295
M,18
M,3673
M,2156
M,13092
M,33
M,4
M,1215
M,18
M,2876
M,165
M,4978
M,3898
M,48
M,43
M,4
M,4596
M,76
M,6462
M,1012
M,4462
M,123
M,2905
M,91
M,1845
M,106
M,2827
M,27313
M,2336
M,573
M,457
M,6049
M,454
M,9
M,7430
M,3792
M,6177
M,769
M,220
M,181
M,804
M,199
M,997
M,55
M,6884
M,3130
M,4
M,5965
M,2498
M,10624
M,7
M,4
M,4797
M,2383
M,38387
M,10667
M,159
M,35
M,292
M,6222
M,10831
M,15530
M,2203
M,3576
M,6252
M,111
M,1863
M,9232
M,28
M,3455
M,126
M,1090
M,8705
M,50
M,257
M,1254
M,1593
M,21
M,3826
M,2
M,11775
M,9675
M,7639
M,1814
M,15525
M,890
M,2959
M,5742
M,16481
M,301
M,4023
M,61
M,598
M,942
M,281
M,316
M,13516
M,1077
M,1338
M,27
M,118
M,134
M,126
M,334
M,58
M,16013
M,8586
M,194
M,4
M,312
M,2595
M,417
M,9240
M,12769
M,1
M,472
M,10464
M,20458
M,16537
M,225
M,283
M,8736
M,158
M,172
M,17949
M,42
M,5016
M,9732
M,391
M,13
M,109
M,91
M,168
M,2046
M,4
M,4
M,42
M,472
M,55
M,13383
M,527
M,3700
M,700
M,257
M,90
M,236
M,46
M,8
M,271
M,118
M,67
M,34
M,14018
M,10681
M,6
M,10257
M,5931
M,1943
M,45
M,649
M,1946
M,65
M,977
M,1131
M,152
M,1826
M,1550
M,45
M,119
M,967
M,171
M,1204
M,2795
M,2552
M,6985
M,35
M,12507
M,3407
M,1754
M,119
M,5425
M,5821
M,57
M,393
M,6873
M,11101
M,8140
M,16925
M,205
M,5009
M,3353
M,12803
M,9563
M,167
M,3774
M,69
M,545
M,6452
M,2961
M,1141
M,1498
M,135
M,3218
M,16
M,2936
M,1478
M,1908
M,93
M,8562
M,31
M,1859
M,4814
M,128
M,3
M,4764
M,5842
M,1114
M,282
M,1430
M,22300
M,160
M,86
M,5
M,1036
M,4846
M,56
M,8879
M,7203
M,241
M,225
M,1728
M,74
M,10
M,12
M,2403
M,76
M,439
M,48
M,277
M,12809
M,1023
M,303
M,10928
M,4914
M,175
M,4407
M,5122
M,3726
M,117
M,153
M,2747
M,2553
M,7427
M,432
M,1408
M,2166
M,3201
M,64
M,106
M,686
M,2
M,122
M,882
M,129
M,7265
M,85
M,407
M,4833
M,48
M,12
M,17
M,4
M,3148
M,1074
M,2340
M,177
M,2813
M,16
M,46
M,104
M,5330
M,4431
M,4797
M,372
M,347
M,790
M,389
M,628
M,19
M,2575
M,4190
M,2599
M,7664
M,69
M,170
M,518
M,15291
M,96
M,1490
M,3042
M,5
M,6653
M,7063
M,364
M,243
M,3829
M,13845
M,901
M,80
M,110
M,126
M,272
M,609
M,6898
M,595
M,3613
M,14906
M,8953
M,1331
M,660
M,283
M,10772
M,1658
M,2081
M,780
M,402
M,4199
M,6215
M,10
M,0
M,12759
M,99
M,14644
M,664
M,792
M,10537
M,13910
M,127
M,26
M,242
M,3724
M,11517
M,5252
M,72
M,31
M,8743
M,45
M,609
M,2
M,3324
M,19698
M,689
M,7364
M,4567
M,273
M,588
M,1313
M,3760
M,8337
M,414
M,7303
M,193
M,606
M,2049
M,832
M,6
M,310
M,37
M,4713
M,10162
M,6558
M,6049
M,3149
M,508
M,778
M,6544
M,1358
M,2422
M,6
M,168
M,6724
M,10902
M,77
M,445
M,14093
M,3273
M,1842
M,1581
M,802
M,2255
M,4
M,285
M,1424
M,250
M,498
M,6288
M,5929
M,349
M,4485
M,2279
M,5853
M,21
M,65
M,1553
M,39
M,26274
M,10127
M,417
M,239
M,2915
M,3587
M,15921
M,766
M,2327
M,5
M,26931
M,18364
M,248
M,896
M,4544
M,3743
M,2829
M,20708
M,15844
M,2645
M,705
M,2443
M,28
M,225
M,3734
M,3318
M,304
M,987
M,14659
M,15535
M,9377
M,6589
M,360
M,370
M,1578
M,85
M,65
M,8815
M,12079
M,5202
M,502
M,4111
M,2014
M,11098
M,13262
M,28492
M,3690
M,392
M,1361
M,5
M,5943
M,845
M,8145
M,5612
M,255
M,23334
M,4471
M,6424
M,58
M,5832
M,100
M,11318
M,198
M,8049
M,5060
M,2773
M,2771
M,357
M,14
M,4293
M,4064
M,301
M,1107
M,515
M,11264
M,130
M,2666
M,2596
M,180
M,4451
M,1442
M,83
M,4256
M,4137
M,5424
M,978
M,37
M,9919
M,617
M,2824
M,350
M,9953
M,6866
M,12544
M,4
M,26
M,440
M,4081
M,9
M,9637
M,1308
M,342
M,4182
M,84
M,8027
M,20445
M,177
M,5033
M,17263
M,613
M,40
M,569
M,4496
M,2544
M,9161
M,145
M,5124
M,2079
M,31852
M,11456
M,13892
M,4410
M,19655
M,3640
M,451
M,2376
M,3082
M,24
M,269
M,11274
M,16
M,98
M,12065
M,21
M,5063
M,10862
M,1658
M,409
M,6249
M,3088
M,459
M,17287
M,30
M,1482
M,178
M,960
M,10513
M,63
M,244
M,6
M,1478
M,9578
M,28
M,1975
M,176
M,12984
M,7729
M,7777
M,7615
M,99
M,175
M,980
M,26
M,6118
M,1040
M,232
M,76
M,1410
M,1219
M,1470
M,69
M,118
M,4811
M,1482
M,1257
M,1546
M,12503
M,4641
M,16742
M,44
M,4476
M,520
M,202
M,856
M,9059
M,4541
M,83
M,184
M,616
M,14607
M,315
M,19760
M,13748
M,745
M,8868
M,359
M,4918
M,5458
M,194
M,6901
M,2320
M,21791
M,56
M,3554
M,12713
M,3521
M,464
M,68
M,6
M,6529
M,316
M,10
M,976
M,1208
M,157
M,4614
M,334
M,8894
M,336
M,15331
M,1396
M,350
M,8071
M,5453
M,1290
M,27
M,17707
M,12369
M,1643
M,3298
M,82
M,3
M,3898
M,16
M,6684
M,1788
M,160
M,3268
M,11931
M,11995
M,40
M,180
M,875
M,4084
M,12081
M,2505
M,55
M,506
M,3327
M,17
M,14
M,59
M,8
M,4
M,4086
M,2
M,1881
M,14192
M,3157
M,471
M,94
M,3914
M,6327
M,4188
M,6
M,9204
M,8156
M,15
M,712
M,60
M,855
M,13248
M,12391
M,5414
M,193
M,613
M,1099
M,2
M,34
M,3974
M,4276
M,68
M,198
M,236
M,30
M,14508
M,12
M,1816
M,5259
M,7763
M,4781
M,17
M,4
M,17335
M,16
M,4898
M,752
M,156
M,1482
M,115
M,3355
M,1464
M,5545
M,5
M,4
M,55
M,5380
M,334
M,190
M,643
M,2135
M,224
M,240
M,4475
M,5904
M,8880
M,25
M,285
M,7458
M,84
M,16479
M,34
M,404
M,692
M,547
M,3927
M,12349
M,239
M,19969
M,13245
M,2
M,5305
M,17623
M,226
M,137
M,347
M,391
M,619
M,5
M,46
M,242
M,20049
M,199
M,2676
M,268
M,73
M,452
M,43
M,1802
M,693
M,7
M,685
M,890
M,224
M,4937
M,8231
M,6470
M,2103
M,2
M,6441
M,5199
M,923
M,1030
M,21
M,763
M,5543
M,1320
M,17765
M,4889
M,347
M,287
M,5242
M,5763
M,9777
M,219
M,873
M,18822
M,1602
M,12142
M,2397
M,5856
M,1000
M,9192
M,2613
M,16784
M,12859
M,132
M,5356
M,144
M,14321
M,33
M,21
M,1231
M,2708
M,5802
M,188
M,4597
M,29
M,19927
M,7470
M,5216
M,1132
M,932
M,422
M,261
M,14027
M,1638
M,19
M,1684
M,7109
M,7098
M,3035
M,62
M,41
M,4918
M,432
M,10433
M,5888
M,10
M,12
M,1092
M,15
M,1550
M,300
M,819
M,152
M,16724
M,1060
M,7664
M,101
M,548
M,5748
M,1967
M,395
M,225
M,5800
M,1297
M,179
M,95
M,8157
M,561
M,122
M,8875
M,593
M,265
M,6236
M,904
M,2573
M,28591
M,147
M,1319
M,16320
M,2
M,12
M,12785
M,5321
M,364
M,351
M,223
M,218
M,166
M,2461
M,23848
M,7492
M,20039
M,1562
M,131
M,101
M,316
M,5173
M,4125
M,16797
M,8384
M,3311
M,30
M,2099
M,56
M,4
M,590
M,18679
M,668
M,9014
M,224
M,541
M,4
M,5560
M,20
M,30
M,48
M,9698
M,6529
M,7788
M,15097
M,5323
M,3886
M,272
M,1355
M,1827
M,10399
M,606
M,6469
M,8
M,7316
M,2185
M,3877
M,1477
M,215
M,4325
M,377
M,7859
M,1501
M,23757
M,202
M,5564
M,8413
M,2645
M,584
M,8278
M,8549
M,422
M,10125
M,84
M,4227
M,317
M,11
M,1534
M,10125
M,1125
M,5
M,1022
M,2199
M,9475
M,2
M,13
M,245
M,32292
M,11825
M,4871
M,160
M,26946
M,16360
M,3397
M,531
M,62
M,11500
M,96
M,52
M,57
M,20
M,91
M,73
M,1200
M,19711
M,462
M,1078
M,19289
M,3697
M,3071
M,302
M,1534
M,28
M,68
M,19923
M,535
M,2674
M,2902
M,223
M,9621
M,5338
M,11268
M,603
M,1607
M,63
M,6520
M,122
M,169
M,9
M,11988
M,0
M,26
M,16401
M,24815
M,239
M,12928
M,31
M,466
M,136
M,1975
M,16
M,78
M,356
M,295
M,2
M,44
M,5318
M,3520
M,1114
M,36928
M,397
M,12
M,157
M,14979
M,1061
M,466
M,1957
M,840
M,17911
M,12417
M,470
M,6774
M,15586
M,5119
M,4036
M,3
M,16589
M,987
M,578
M,85
M,130
M,1008
M,14259
M,753
M,222
M,3679
M,8616
M,3301
M,11736
M,153
M,6
M,2186
M,2432
M,964
M,4492
M,14
M,834
M,3130
M,2087
M,12670
M,10389
M,5984
M,14
M,1014
M,8437
M,1192
M,3923
M,454
M,14708
M,1907
M,122
M,610
M,16933
M,11
M,4617
M,74
M,993
M,1302
M,9
M,3425
M,3
M,22
M,204
M,17
M,4733
M,6
M,2419
M,13572
M,57
M,13858
M,2
M,2702
M,10989
M,6683
M,251
M,12
M,5413
M,2773
M,4
M,6652
M,134
M,138
M,4792
M,3533
M,2566
M,793
M,3128
M,312
M,1660
M,4406
M,4166
M,54
M,26
M,1407
M,1110
M,5245
M,34
M,3961
M,37
M,7205
M,153
M,856
M,87
M,105
M,3823
M,970
M,1710
M,6540
M,5373
M,15213
M,12996
M,126
M,1123
M,4376
M,296
M,13932
M,188
M,2
M,13859
M,162
M,239
M,7902
M,5285
M,10266
M,25279
M,48
M,48
M,36
M,1064
M,96
M,8717
M,18940
M,9832
M,16
M,932
M,457
M,10640
M,86
M,8
M,215
M,42
M,54
M,424
M,359
M,494
M,522
M,10493
M,19
M,250
M,7
M,2829
M,30
M,252
M,204
M,7513
M,706
M,2945
M,3658
M,4326
M,76
M,0
M,10001
M,1379
M,1515
M,7292
M,36
M,4783
M,6746
M,28
M,9
M,3704
M,718
M,248
M,1496
M,25
M,8
M,319
M,4368
M,7781
M,440
M,3267
M,1541
M,14470
M,93
M,10058
M,129
M,488
M,5571
M,1963
M,1191
M,5263
M,2193
M,1233
M,30
M,10457
M,10925
M,13770
M,12118
M,246
M,8184
M,6
M,272
M,183
M,3740
M,3354
M,110
M,46
M,20497
M,40
M,383
M,0
M,64
M,10737
M,1625
M,517
M,7414
M,2
M,9830
M,12871
M,11344
M,71
M,16211
M,0
M,144
M,2030
M,1028
M,1703
M,4689
M,1810
M,11529
M,1047
M,7686
M,8901
M,998
M,843
M,11962
M,4915
M,16
M,37
M,4
M,23
M,491
M,90
M,3061
M,187
M,13398
M,9623
M,22
M,8044
M,7
M,10544
M,4494
M,676
M,1075
M,213
M,3865
M,20339
M,44
M,202
M,451
M,2370
M,54
M,92
M,15347
M,21
M,3228
M,171
M,6
M,2471
M,44
M,38
M,1928
M,55
M,4631
M,956
M,9656
M,739
M,22
M,7583
M,22
M,72
M,8636
M,72
M,715
M,39
M,72
M,508
M,5084
M,589
M,7256
M,18379
M,7083
M,20124
M,20790
M,81
M,3458
M,816
M,112
M,0
M,3476
M,51
M,11
M,224
M,2
M,1019
M,6477
M,2083
M,30
M,2053
M,2299
M,8553
M,1852
M,37
M,8
M,289
M,2199
M,7602
M,2566
M,3270
M,3243
M,205
M,11884
M,2648
M,10219
M,68
M,12884
M,7674
M,480
M,17
M,6502
M,1502
M,6439
M,3048
M,736
M,13570
M,1895
M,13
M,79
M,68
M,739
M,1666
M,8169
M,308
M,1359
M,53
M,1084
M,574
M,2493
M,66
M,2051
M,4
M,4806
M,1273
M,7490
M,13
M,721
M,89
M,188
M,389
M,768
M,100
M,23447
M,384
M,738
M,2853
M,352
M,587
M,9216
M,5833
M,2802
M,3726
M,46
M,159
M,7152
M,473
M,3472
M,1247
M,4037
M,1057
M,452
M,116
M,12
M,2542
M,13160
M,5971
M,8269
M,4340
M,73
M,3875
M,10495
M,417
M,9
M,3148
M,11
M,3064
M,2687
M,48
M,460
M,120
M,8990
M,4536
M,4
M,277
M,8966
M,10200
M,1499
M,501
M,2546
M,1200
M,570
M,0
M,1096
M,135
M,168
M,4618
M,310
M,1848
M,198
M,131
M,833
M,5765
M,12478
M,331
M,8208
M,26
M,5692
M,3820
M,5153
M,600
M,2555
M,2356
M,1550
M,15049
M,2005
M,3088
M,60
M,1013
M,329
M,48
M,62
M,117
M,2
M,42
M,2347
M,5170
M,538
M,34
M,6
M,980
M,370
M,10061
M,204
M,490
M,2062
M,58
M,1717
M,6111
M,6839
M,1080
M,323
M,7410
M,5059
M,423
M,11271
M,98
M,8138
M,835
M,512
M,16594
M,1090
M,204
M,44
M,3107
M,13066
M,2483
M,3490
M,479
M,2546
M,3919
M,1801
M,55
M,14593
M,6458
M,119
M,29428
M,8
M,2694
M,8486
M,2481
M,17
M,5241
M,4955
M,1140
M,99
M,692
M,937
M,16712
M,2
M,5946
M,45
M,11480
M,39
M,101
M,92
M,903
M,9988
M,356
M,38
M,12405
M,2945
M,8657
M,9870
M,56
M,2941
M,1868
M,17345
M,7826
M,3197
M,9965
M,131
M,3318
M,59
M,1168
M,6
M,203
M,840
M,35
M,6
M,43
M,4
M,1178
M,157
M,60
M,22
M,11383
M,5784
M,757
M,55
M,4
M,14551
M,7956
M,1282
M,38
M,37
M,3473
M,3726
M,21
M,540
M,247
M,693
M,11361
M,5109
M,32
M,80
M,113
M,12466
M,76
M,6357
M,192
M,3020
M,5346
M,201
M,53
M,3733
M,9405
M,574
M,3065
M,10829
M,6663
M,13
M,98
M,13980
M,1813
M,19172
M,18
M,12790
M,4093
M,4618
M,19
M,751
M,7976
M,30
M,70
M,36
M,299
M,4072
M,533
M,233
M,1226
M,5797
M,231
M,7933
M,509
M,46
M,17137
M,0
M,18979
M,45
M,15428
M,18992
M,335
M,272
M,12925
M,3940
M,1072
M,6636
M,512
M,1902
M,628
M,2668
M,167
M,8286
M,198
M,31
M,8794
M,0
M,5919
M,1737
M,2962
M,14970
M,2308
M,16825
M,1016
M,1011
M,1520
M,1502
M,1533
M,24
M,1540
M,1264
M,243
M,195
M,17
M,4371
M,401
M,2952
M,423
M,2638
M,2165
M,564
M,1837
M,379
M,9119
M,286
M,269
M,5957
M,288
M,79
M,131
M,189
M,3951
M,2726
M,163
M,6
M,2
M,41
M,10
M,1659
M,3186
M,1728
M,116
M,18757
M,90
M,26394
M,2268
M,107
M,8
M,5094
M,2944
M,12
M,27
M,285
M,6936
M,4
M,89
M,257
M,293
M,9
M,30
M,12517
M,911
M,747
M,74
M,13
M,869
M,3512
M,2355
M,7579
M,4945
M,1598
M,212
M,1362
M,130
M,8
M,5629
M,14076
M,6000
M,17658
M,13305
M,6250
M,0
M,9416
M,4996
M,9
M,503
M,17094
M,18
M,40
M,6832
M,10689
M,625
M,16412
M,26218
M,5582
M,19
M,5486
M,59
M,92
M,33643
M,10105
M,5
M,7309
M,54
M,1100
M,6517
M,25
M,36
M,730
M,1239
M,11238
M,835
M,1773
M,209
M,85
M,13
M,1222
M,76
M,5877
M,132
M,97
M,394
M,27457
M,7165
M,1276
M,255
M,773
M,58
M,2177
M,18980
M,3316
M,204
M,6224
M,545
M,17387
M,80
M,30
M,2721
M,14214
M,177
M,4578
M,512
M,672
M,5667
M,42
M,49
M,19
M,1
M,189
M,14
M,3
M,71
M,4040
M,153
M,17120
M,2376
M,6602
M,2901
M,61
M,4659
M,6206
M,2662
M,7706
M,813
M,175
M,5490
M,19303
M,66
M,130
M,1308
M,3058
M,502
M,59
M,49
M,1654
M,4515
M,28
M,6923
M,26496
M,532
M,3615
M,3006
M,2031
M,72
M,72
M,373
M,14
M,6
M,305
M,4637
M,10976
M,7897
M,5458
M,44
M,5936
M,486
M,26
M,0
M,18626
M,7775
M,108
M,18
M,120
M,3844
M,4478
M,2222
M,285
M,423
M,4
M,61
M,40
M,636
M,3
M,267
M,6361
M,726
M,11627
M,11064
M,3463
M,716
M,128
M,265
M,4485
M,41
M,151
M,2
M,241
M,0
M,835
M,16053
M,6955
M,80
M,171
M,27463
M,3522
M,790
M,12568
M,3257
M,3207
M,1081
M,51
M,4017
M,33
M,7645
M,15991
M,97
M,13346
M,114
M,538
M,1540
M,21277
M,4684
M,0
M,566
M,6741
M,16247
M,1998
M,5970
M,638
M,4
M,1200
M,1154
M,11587
M,13098
M,8765
M,3681
M,5
M,2943
M,5519
M,30260
M,4373
M,120
M,7811
M,26397
M,2
M,40
M,2
M,11
M,3300
M,99
M,1118
M,15217
M,184
M,2085
M,8695
M,4
M,2215
M,8320
M,2774
M,0
M,13
M,8126
M,8177
M,379
M,1453
M,1623
M,62
M,424
M,1319
M,15
M,8
M,16827
M,2878
M,1472
M,3119
M,37
M,1381
M,15092
M,354
M,611
M,421
M,3747
M,11451
M,3536
M,3027
M,1984
M,15708
M,224
M,0
M,82
M,383
M,68
M,72
M,6
M,3325
M,68
M,647
M,567
M,1369
M,13198
M,19563
M,18135
M,0
M,12781
M,1920
M,2474
M,8312
M,441
M,26
M,5
M,1938
M,716
M,11422
M,18715
M,47
M,7451
M,66
M,4
M,190
M,14769
M,54
M,2308
M,251
M,77
M,7868
M,6256
M,2108
M,609
M,841
M,30
M,19364
M,5067
M,314
M,2782
M,32
M,609
M,24
M,442
M,611
M,1952
M,1659
M,6226
M,3839
M,16265
M,2121
M,4
M,406
M,405
M,975
M,4973
M,9325
M,8914
M,18
M,524
M,1390
M,3744
M,5368
M,11984
M,414
M,715
M,360
M,2963
M,3563
M,2118
M,127
M,0
M,272
M,7628
M,440
M,195
M,2406
M,11972
M,8032
M,0
M,6
M,68
M,40
M,417
M,402
M,51
M,6975
M,4987
M,103
M,1581
M,11899
M,122
M,1814
M,80
M,651
M,2866
M,3860
M,12157
M,239
M,5101
M,156
M,9032
M,3212
M,43
M,531
M,89
M,2583
M,108
M,3
M,798
M,4219
M,527
M,9002
M,3808
M,2114
M,2802
M,158
M,6820
M,6814
M,1581
M,2187
M,4872
M,11
M,186
M,30
M,108
M,301
M,21247
M,2171
M,20
M,3864
M,32
M,6242
M,1817
M,8290
M,15452
M,21606
M,26
M,9431
M,472
M,8667
M,64
M,18522
M,7430
M,18762
M,1367
M,17105
M,60
M,204
M,453
M,1594
M,401
M,4189
M,33
M,847
M,2341
M,4652
M,442
M,88
M,5
M,11846
M,6216
M,1833
M,555
M,83
M,286
M,481
M,1006
M,13976
M,764
M,3781
M,468
M,14223
M,6314
M,2727
M,4719
M,2081
M,3880
M,2583
M,13467
M,5757
M,11722
M,311
M,60
M,733
M,134
M,10953
M,23
M,290
M,2035
M,3193
M,365
M,3449
M,3618
M,203
M,11
M,3385
M,9247
M,6837
M,2903
M,8561
M,4
M,3589
M,2682
M,12558
M,78
M,52
M,17
M,0
M,2615
M,11386
M,142
M,83
M,33
M,173
M,16674
M,16
M,593
M,964
M,1980
M,6223
M,865
M,253
M,714
M,691
M,406
M,26126
M,2934
M,9743
M,8291
M,2
M,11
M,7154
M,5243
M,258
M,17189
M,86
M,878
M,3196
M,84
M,2705
M,37
M,4319
M,162
M,10576
M,22
M,559
M,40
M,1948
M,13
M,4797
M,610
M,8
M,164
M,47
M,6059
M,163
M,123
M,6478
M,3553
M,10468
M,7716
M,220
M,28787
M,54
M,765
M,3615
M,3717
M,8208
M,3398
M,11713
M,334
M,733
M,1336
M,3294
M,5582
M,6774
M,2863
M,32
M,5
M,4631
M,5039
M,561
M,8046
M,149
M,3415
M,1516
M,1635
M,0
M,21317
M,2704
M,13539
M,12535
M,6551
M,389
M,9603
M,0
M,424
M,3247
M,5
M,4632
M,186
M,343
M,8
M,111
M,3548
M,5328
M,13
M,4115
M,14213
M,3946
M,27
M,99
M,20
M,70
M,133
M,11084
M,11599
M,949
M,16652
M,6180
M,12683
M,497
M,1734
M,14091
M,42
M,198
M,643
M,0
M,4785
M,0
M,5317
M,13856
M,10216
M,6282
M,7256
M,4
M,11
M,797
M,54
M,637
M,1955
M,70
M,165
M,12242
M,14353
M,1594
M,219
M,143
M,416
M,7
M,4722
M,158
M,108
M,7895
M,4699
M,497
M,3750
M,4705
M,3571
M,4597
M,153
M,2421
M,0
M,758
M,39
M,6575
M,121
M,5706
M,6812
M,70
M,5047
M,2921
M,8520
M,860
M,1833
M,16039
M,431
M,18
M,11310
M,84
M,4
M,7818
M,0
M,4644
M,4926
M,2239
M,1024
M,10193
M,25
M,5393
M,326
M,52
M,2542
M,2991
M,43
M,2
M,9618
M,1319
M,5559
M,107
M,3561
M,39
M,11659
M,44
M,170
M,3481
M,821
M,3033
M,16
M,7006
M,154
M,50
M,1081
M,192
M,15610
M,2364
M,1342
M,2015
M,378
M,384
M,334
M,8013
M,41
M,55
M,169
M,1208
M,1260
M,47
M,266
M,45
M,2260
M,6808
M,1100
M,2
M,5874
M,5056
M,49
M,15814
M,11446
M,9122
M,1964
M,129
M,4
M,185
M,220
M,15136
M,1953
M,1043
M,42
M,2178
M,910
M,5977
M,7873
M,25
M,1340
M,26
M,4637
M,197
M,3497
M,1905
M,993
M,7
M,217
M,655
M,703
M,3888
M,26
M,8203
M,589
M,16683
M,670
M,3115
M,17
M,167
M,2
M,972
M,51
M,2311
M,0
M,8520
M,439
M,906
M,511
M,11
M,10746
M,5
M,51
M,0
M,15
M,331
M,11890
M,140
M,1409
M,184
M,2368
M,287
M,31
M,1642
M,2
M,1092
M,290
M,9314
M,135
M,2181
M,8214
M,6136
M,4789
M,123
M,200
M,38
M,3080
M,5
M,85
M,3601
M,3741
M,50
M,182
M,199
M,1152
M,2110
M,2323
M,9054
M,88
M,3
M,119
M,1092
M,6209
M,8401
M,7839
M,8315
M,10050
M,2251
M,1190
M,162
M,4752
M,5
M,6492
M,19121
M,214
M,305
M,45
M,7845
M,1235
M,12633
M,54
M,212
M,7322
M,9240
M,2148
M,86
M,7787
M,2
M,166
M,1053
M,2421
M,1028
M,2734
M,2639
M,896
M,44
M,5557
M,438
M,10
M,84
M,125
M,135
M,37
M,8882
M,9149
M,12
M,3599
M,73
M,8185
M,4855
M,262
M,53
M,35
M,4344
M,154
M,621
M,3522
M,907
M,8483
M,11136
M,1696
M,282
M,7316
M,3228
M,8388
M,7600
M,5710
M,6411
M,1214
M,5864
M,9
M,367
M,1571
M,10429
M,2254
M,8023
M,9592
M,142
M,8151
M,1541
M,423
M,149
M,6832
M,5739
M,7039
M,2
M,33
M,331
M,126
M,29
M,93
M,6151
M,3440
M,157
M,8131
M,10444
M,5483
M,10593
M,1699
M,7574
M,4119
M,4663
M,5762
M,53
M,840
M,2094
M,9155
M,3250
M,8
M,180
M,5848
M,289
M,5357
M,4226
M,341
M,1408
M,363
M,1296
M,15156
M,1078
M,340
M,6
M,635
M,2
M,690
M,1286
M,2865
M,320
M,1080
M,3469
M,3453
M,4302
M,1558
M,7149
M,4004
M,13088
M,1964
M,11456
M,3745
M,4483
M,8042
M,1635
M,619
M,3326
M,6333
M,2
M,4155
M,10
M,2881
M,13618
M,3670
M,7191
M,500
M,270
M,8400
M,40
M,241
M,8637
M,3479
M,3840
M,7
M,88
M,7350
M,8257
M,1896
M,4731
M,3464
M,1587
M,1656
M,278
M,574
M,7545
M,2078
M,571
M,8356
M,1404
M,1550
M,1071
M,39
M,1138
M,3766
M,1571
M,2457
M,1559
M,5480
M,3251
M,30
M,5008
M,81
M,17
M,4
M,12250
M,5593
M,3901
M,121
M,224
M,425
M,877
M,3
M,337
M,6012
M,1731
M,645
M,8090
M,10117
M,446
M,575
M,8077
M,207
M,1050
M,150
M,255
M,204
M,1109
M,3704
M,246
M,0
M,4842
M,7572
M,3889
M,20
M,4561
M,93
M,5038
M,3405
M,124
M,2004
M,8
M,638
M,1520
M,2516
M,52
M,45
M,4231
M,2816
M,3801
M,7
M,6750
M,1412
M,320
M,4349
M,9419
M,37
M,2942
M,2150
M,839
M,0
M,2176
M,1420
M,3034
M,6208
M,10
M,3079
M,15
M,52
M,67
M,4858
M,4
M,70
M,1698
M,112
M,197
M,1294
M,45
M,265
M,110
M,7024
M,164
M,4
M,28
M,5
M,8232
M,6036
M,519
M,27
M,808
M,114
M,180
M,2479
M,6194
M,12
M,6890
M,140
M,6508
M,14
M,2252
M,397
M,2685
M,46
M,2489
M,537
M,5109
M,6103
M,143
M,656
M,5086
M,8
M,3653
M,83
M,3233
M,11
M,612
M,1453
M,7
M,277
M,641
M,61
M,9538
M,1966
M,106
M,57
M,8854
M,18
M,4378
M,395
M,14
M,787
M,5807
M,8137
M,4735
M,574
M,197
M,120
M,1607
M,5
M,4605
M,3253
M,1544
M,2992
M,5728
M,2708
M,258
M,998
M,4041
M,343
M,7497
M,630
M,5120
M,119
M,712
M,3918
M,477
M,288
M,3566
M,57
M,2646
M,2418
M,1403
M,203
M,912
M,455
M,0
M,233
M,95
M,488
M,3013
M,18
M,2582
M,97
M,499
M,2214
M,1714
M,8880
M,8
M,802
M,7
M,4070
M,320
M,324
M,1826
M,210
M,15
M,1800
M,1760
M,3
M,1787
M,1220
M,3449
M,2264
M,2169
M,4589
M,787
M,1988
M,88
M,1783
M,1381
M,2783
M,2893
M,807
M,174
M,313
M,2565
M,4160
M,214
M,5378
M,154
M,1604
M,19
M,2384
M,2343
M,4737
M,708
M,22
M,658
M,27
M,206
M,516
M,2832
M,95
M,590
M,3665
M,1992
M,4019
M,71
M,945
M,2681
M,1878
M,1203
M,1187
M,293
M,428
M,1052
M,1804
M,2639
M,2
M,164
M,19
M,42
M,2484
M,1150
M,190
M,932
M,0
M,1585
M,1
M,379
M,287
M,981
M,35
M,1168
M,199
M,1834
M,1057
M,4128
M,2742
M,79
M,28
M,2290
M,6
M,152
M,903
M,26
M,88
M,4618
M,2628
M,37
M,3670
M,2469
M,544
M,189
M,1162
M,3244
M,54
M,1802
M,28
M,7
M,28
M,2255
M,48
M,0
M,651
M,501
M,2239
M,101
M,93
M,670
M,44
M,0
M,2
M,1274
M,3813
M,227
M,579
M,27
M,1392
M,15
M,6
M,3133
M,27
M,96
M,3
M,635
M,56
M,241
M,1059
M,904
M,805
M,1100
M,2328
M,1981
M,17
M,2034
M,172
M,1391
M,1074
M,1971
M,567
M,2330
M,1319
M,205
M,32
M,74
M,1506
M,1631
M,4
M,1308
M,2817
M,0
M,97
M,326
M,1475
M,2057
M,227
M,9
M,287
M,2354
M,10
M,682
M,2381
M,324
M,2013
M,376
M,249
M,2403
M,621
M,2555
M,1095
M,1896
M,480
M,1134
M,1916
M,83
M,1692
M,8
M,74
M,693
M,1711
M,0
M,199
M,68
M,4995
M,132
M,202
M,10
M,1272
M,6
M,6
M,711
M,2774
M,201
M,1074
M,63
M,6
M,134
M,5
M,79
M,504
M,6
M,87
M,421
M,796
M,667
M,19
M,795
M,279
M,842
M,846
M,300
M,28
M,97
M,36
M,932
M,2017
M,365
M,1480
M,23
M,144
M,928
M,488
M,318
M,1049
M,184
M,359
M,338
M,59
M,14
M,1475
M,80
M,576
M,0
M,1518
M,737
M,93
M,603
M,24
M,873
M,2224
M,909
M,556
M,880
M,482
M,2038
M,814
M,44
M,25
M,98
M,3564
M,1792
M,359
M,186
M,375
M,698
M,96
M,253
M,222
M,406
M,215
M,106
M,83
M,101
M,146
M,0
M,303
M,22
M,767
M,515
M,150
M,753
M,183
M,158
M,58
M,391
M,87
M,293
M,60
M,627
M,166
M,924
M,350
M,94
M,0
M,4
M,14
M,106
M,57
M,48
M,425
M,305
M,587
M,1732
M,0
M,740
M,10
M,35
M,4
M,19
M,168
M,425
M,289
M,59
M,78
M,468
M,148
M,445
M,226
M,282
M,90
M,497
M,130
M,811
M,98
M,21
M,120
M,24
M,14
M,124
M,20
M,40
M,165
M,64
M,31
M,274
M,79
M,479
M,1040
M,154
M,142
M,229
M,10
M,16
M,3
M,2
M,444
M,40
M,291
M,107
M,335
M,98
M,543
M,370
M,13
M,23
M,240
M,284
F,2601
F,4875
F,5194
F,6005
F,7380
F,6415
F,4323
F,4984
F,4238
F,3723
F,6412
F,6452
F,9693
F,1172
F,6811
F,2657
F,7488
F,6263
F,4494
F,2116
F,2849
F,4433
F,3679
F,4606
F,5523
F,2894
F,5013
F,4300
F,2652
F,2634
F,1445
F,6005
F,2898
F,6803
F,5119
F,3572
F,3046
F,2850
F,3073
F,2738
F,5560
F,4434
F,6895
F,7115
F,3971
F,3351
F,1398
F,4435
F,6184
F,4740
F,532
F,1297
F,3363
F,3424
F,2413
F,1445
F,5839
F,1880
F,2110
F,4147
F,3828
F,4217
F,2502
F,3498
F,4716
F,3044
F,4253
F,5797
F,4004
F,1963
F,2174
F,3814
F,5571
F,3358
F,2250
F,3482
F,2751
F,1239
F,1244
F,2018
F,2353
F,3955
F,1901
F,1935
F,1690
F,2215
F,1033
F,3363
F,3671
F,4245
F,1030
F,3554
F,1760
F,2618
F,1264
F,2559
F,1232
F,3868
F,3220
F,980
F,3534
F,2006
F,879
F,2183
F,3551
F,715
F,486
F,3707
F,415
F,866
F,2136
F,733
F,1304
F,3324
F,1404
F,1288
F,1959
F,3447
F,1304
F,791
F,2775
F,2434
F,2659
F,3786
F,3856
F,1369
F,2154
F,872
F,1330
F,867
F,840
F,1912
F,2219
F,3001
F,2113
F,2124
F,4258
F,867
F,3103
F,1390
F,1919
F,2232
F,3353
F,350
F,2973
F,2603
F,3500
F,5046
F,1824
F,1688
F,1779
F,778
F,1938
F,758
F,676
F,1995
F,1733
F,2862
F,2647
F,2531
F,1125
F,1820
F,849
F,3140
F,2288
F,659
F,1528
F,1542
F,200
F,1186
F,1505
F,1494
F,1408
F,2705
F,2747
F,500
F,2379
F,1766
F,2915
F,592
F,312
F,1915
F,2501
F,2550
F,2320
F,2245
F,1744
F,588
F,609
F,1148
F,2228
F,636
F,1708
F,552
F,801
F,1552
F,1717
F,1580
F,1036
F,603
F,3437
F,2154
F,926
F,817
F,1454
F,872
F,830
F,657
F,864
F,1280
F,3084
F,1303
F,1497
F,2647
F,451
F,561
F,1000
F,304
F,600
F,635
F,2032
F,1061
F,1358
F,1797
F,2595
F,734
F,936
F,365
F,476
F,1018
F,464
F,1412
F,1937
F,343
F,295
F,448
F,886
F,2620
F,725
F,1550
F,2140
F,399
F,2414
F,1215
F,1918
F,1307
F,1883
F,866
F,490
F,1056
F,1431
F,707
F,1010
F,1377
F,272
F,1087
F,1810
F,962
F,930
F,2428
F,1050
F,759
F,2350
F,553
F,2247
F,920
F,1925
F,1186
F,794
F,1293
F,881
F,435
F,354
F,1119
F,1232
F,534
F,1050
F,521
F,786
F,140
F,493
F,1030
F,1341
F,541
F,587
F,823
F,1000
F,327
F,719
F,1275
F,1451
F,520
F,883
F,1335
F,854
F,424
F,194
F,924
F,2019
F,1143
F,759
F,623
F,690
F,463
F,842
F,419
F,809
F,61
F,458
F,1378
F,2762
F,439
F,381
F,1117
F,728
F,986
F,1226
F,518
F,2069
F,926
F,1389
F,1102
F,1203
F,246
F,671
F,173
F,289
F,440
F,456
F,1380
F,1456
F,741
F,215
F,568
F,667
F,558
F,485
F,646
F,223
F,454
F,818
F,1630
F,505
F,763
F,330
F,150
F,410
F,703
F,303
F,377
F,776
F,330
F,756
F,224
F,334
F,408
F,642
F,357
F,492
F,1228
F,633
F,385
F,2641
F,919
F,658
F,880
F,884
F,619
F,389
F,263
F,242
F,259
F,312
F,1096
F,1506
F,797
F,2237
F,1458
F,403
F,506
F,183
F,78
F,220
F,450
F,176
F,336
F,253
F,338
F,397
F,570
F,974
F,413
F,309
F,437
F,140
F,679
F,147
F,901
F,96
F,283
F,194
F,902
F,332
F,423
F,503
F,438
F,311
F,312
F,502
F,620
F,92
F,705
F,544
F,432
F,252
F,258
F,549
F,488
F,555
F,221
F,716
F,466
F,284
F,262
F,308
F,94
F,291
F,217
F,189
F,276
F,121
F,303
F,517
F,155
F,375
F,170
F,94
F,208
F,1996
F,827
F,353
F,648
F,185
F,814
F,177
F,486
F,373
F,177
F,409
F,227
F,344
F,560
F,131
F,190
F,582
F,614
F,495
F,219
F,247
F,137
F,423
F,121
F,438
F,183
F,427
F,431
F,760
F,447
F,186
F,168
F,693
F,509
F,127
F,150
F,91
F,297
F,151
F,98
F,1094
F,225
F,335
F,256
F,368
F,203
F,129
F,202
F,425
F,233
F,261
F,130
F,54
F,542
F,272
F,175
F,105
F,288
F,799
F,193
F,193
F,62
F,103
F,377
F,434
F,176
F,136
F,217
F,458
F,130
F,129
F,117
F,195
F,94
F,280
F,193
F,327
F,529
F,74
F,234
F,76
F,355
F,149
F,46
F,349
F,149
F,247
F,139
F,65
F,351
F,58
F,92
F,687
F,420
F,173
F,80
F,74
F,251
F,64
F,197
F,381
F,96
F,662
F,120
F,267
F,358
F,98
F,118
F,167
F,89
F,121
F,515
F,102
F,166
F,359
F,215
F,53
F,93
F,66
F,151
F,275
F,296
F,453
F,127
F,58
F,189
F,197
F,347
F,181
F,123
F,169
F,82
F,166
F,237
F,17
F,207
F,49
F,64
F,55
F,137
F,42
F,47
F,45
F,36
F,44
F,114
F,191
F,93
F,29
F,135
F,43
F,68
F,16
F,31
F,165
F,74
F,102
F,163
F,29
F,128
F,302
F,107
F,375
F,169
F,43
F,106
F,33
F,90
F,102
F,25
F,34
F,142
F,20
F,143
F,35
F,194
F,146
F,319
F,89
F,121
F,55
F,55
F,253
F,17
F,72
F,22
F,29
F,52
F,22
F,45
F,50
F,59
F,22
F,8
F,20
F,107
F,60
F,50
F,387
F,94
F,264
F,16
F,83
F,235
F,79
F,127
F,18
F,149
F,7
F,35
F,102
F,137
F,149
F,171
F,142
F,14
F,94
F,18
F,161
F,25
F,158
F,65
F,566
F,36
F,146
F,289
F,11
F,68
F,29
F,69
F,10
F,99
F,69
F,48
F,10
F,36
F,50
F,9
F,35
F,186
F,70
F,73
F,6
F,14
F,241
F,122
F,99
F,20
F,26
F,11
F,14
F,6
F,33
F,382
F,36
F,90
F,2
F,4
F,10
F,35
F,22
F,210
F,6
F,48
F,98
F,36
F,186
F,12
F,130
F,97
F,92
F,3
F,17
F,53
F,32
F,4
F,5
F,97
F,4
F,123
F,30
F,31
F,324
F,20
F,239
F,7
F,56
F,19
F,70
F,2
F,2
F,56
F,9
F,16
F,36
F,17
F,182
F,40
F,68
F,44
F,4
F,4
F,9
F,6
F,2
F,38
F,4
F,30
F,7
F,10
F,6
F,11
F,2
F,246
F,98
F,216
F,12
F,28
F,34
F,6
F,0
F,0
F,0
F,3
F,0
F,15
F,267
F,22
F,19
F,95
F,8
F,17
F,131
F,27
F,48
F,22
F,2
F,2
F,2
F,2
F,0
F,0
F,2
F,3
F,1
F,0
F,140
F,0
F,2
F,7
F,81
F,6
F,157
F,3
F,61
F,0
F,7
F,3
F,32
F,7
F,2
F,41
F,346
F,81
F,7
F,5
F,120
F,188
F,42
F,0
F,117
F,3
F,44
F,240
F,80
F,155
F,4
F,12
F,10
F,50
F,34
F,24
F,0
F,14
F,2
F,8
F,61
F,6
F,34
F,433
F,3
F,2
F,15
F,71
F,14
F,0
F,167
F,10
F,16
F,16
F,6
F,100
F,36
F,4
F,27
F,190
F,10
F,10
F,19
F,4
F,5
F,6
F,27
F,42
F,9
F,22
F,6
F,13
F,124
F,22
F,33
F,23
F,8
F,79
F,39
F,52
F,19
F,27
F,25
F,5
F,109
F,13
F,28
F,9
F,34
F,7
F,105
F,10
F,38
F,55
F,15
F,7
F,22
F,89
F,14
F,7
F,49
F,45
F,10
F,27
F,29
F,21
F,16
F,13
F,15
F,19
F,92
F,144
F,297
F,35
F,97
F,18
F,27
F,53
F,64
F,229
F,38
F,37
F,21
F,5
F,130
F,112
F,59
F,161
F,9
F,10
F,16
F,68
F,85
F,191
F,87
F,97
F,27
F,106
F,26
F,17
F,83
F,155
F,373
F,21
F,35
F,100
F,88
F,79
F,18
F,43
F,38
F,56
F,24
F,33
F,26
F,30
F,16
F,196
F,36
F,49
F,73
F,67
F,99
F,70
F,187
F,62
F,51
F,48
F,144
